{"cameraMode":{"drawMode":0,"name":"Shaded","section":"Shading Mode"},"sceneLighting":true,"audioPlay":false,"sceneViewState":{"showFog":false,"showMaterialUpdate":false,"showSkybox":false,"showFlares":false,"showImageEffects":false,"showParticleSystems":true},"in2DMode":false,"pivot":{"x":-5.581100940704346,"y":2.7634482383728029,"z":100.3123550415039},"rotation":{"x":0.026996320113539697,"y":-0.005701630376279354,"z":0.00015390536282211542,"w":0.999619722366333},"size":1.5500481128692628,"orthographic":false}